--INSERT CURSO
Insert into PRUEBA_BD.CURSO (ID_CURSO,NOMBRE) values ('1','curso 1');
Insert into PRUEBA_BD.CURSO (ID_CURSO,NOMBRE) values ('2','curso 2');
Insert into PRUEBA_BD.CURSO (ID_CURSO,NOMBRE) values ('3','curso 3');
Insert into PRUEBA_BD.CURSO (ID_CURSO,NOMBRE) values ('4','curso 4');


--INSERT ESTUDIANTE
Insert into PRUEBA_BD.ESTUDIANTE (CURSO_ID_CURSO,ID_ESTUDIANTE,RUT,NOMBRE,APELLIDO) values ('1','1','11111-1','Juan','Lobos');
Insert into PRUEBA_BD.ESTUDIANTE (CURSO_ID_CURSO,ID_ESTUDIANTE,RUT,NOMBRE,APELLIDO) values ('1','2','22222-2','Elizabeth','Stone');
Insert into PRUEBA_BD.ESTUDIANTE (CURSO_ID_CURSO,ID_ESTUDIANTE,RUT,NOMBRE,APELLIDO) values ('3','3','33333-3','Cassie','Smith');
Insert into PRUEBA_BD.ESTUDIANTE (CURSO_ID_CURSO,ID_ESTUDIANTE,RUT,NOMBRE,APELLIDO) values ('1','4','44444-4','Javiera','Jarron');
Insert into PRUEBA_BD.ESTUDIANTE (CURSO_ID_CURSO,ID_ESTUDIANTE,RUT,NOMBRE,APELLIDO) values ('1','5','55555-5','Karin','Cretton');
Insert into PRUEBA_BD.ESTUDIANTE (CURSO_ID_CURSO,ID_ESTUDIANTE,RUT,NOMBRE,APELLIDO) values ('1','6','66666-6','Esteban','Baesa');
Insert into PRUEBA_BD.ESTUDIANTE (CURSO_ID_CURSO,ID_ESTUDIANTE,RUT,NOMBRE,APELLIDO) values ('1','7','77777-7','Alejandro','Torres');
Insert into PRUEBA_BD.ESTUDIANTE (CURSO_ID_CURSO,ID_ESTUDIANTE,RUT,NOMBRE,APELLIDO) values ('2','8','88888-8','Laura','Lazo');
Insert into PRUEBA_BD.ESTUDIANTE (CURSO_ID_CURSO,ID_ESTUDIANTE,RUT,NOMBRE,APELLIDO) values ('2','9','99999-9','Michael','Munoz');
Insert into PRUEBA_BD.ESTUDIANTE (CURSO_ID_CURSO,ID_ESTUDIANTE,RUT,NOMBRE,APELLIDO) values ('2','10','1111-2','Rita','Rodrigez');
Insert into PRUEBA_BD.ESTUDIANTE (CURSO_ID_CURSO,ID_ESTUDIANTE,RUT,NOMBRE,APELLIDO) values ('2','11','1111-3','Rodrigo','Marin');
Insert into PRUEBA_BD.ESTUDIANTE (CURSO_ID_CURSO,ID_ESTUDIANTE,RUT,NOMBRE,APELLIDO) values ('2','12','1111-4','Ichigo','kurasaki');
Insert into PRUEBA_BD.ESTUDIANTE (CURSO_ID_CURSO,ID_ESTUDIANTE,RUT,NOMBRE,APELLIDO) values ('2','13','2222-1','Nana','Osaki');
Insert into PRUEBA_BD.ESTUDIANTE (CURSO_ID_CURSO,ID_ESTUDIANTE,RUT,NOMBRE,APELLIDO) values ('1','14','2222-3','Nana','Komatsu');
Insert into PRUEBA_BD.ESTUDIANTE (CURSO_ID_CURSO,ID_ESTUDIANTE,RUT,NOMBRE,APELLIDO) values ('1','15','2222-4','Ana','Tsuchiya');
Insert into PRUEBA_BD.ESTUDIANTE (CURSO_ID_CURSO,ID_ESTUDIANTE,RUT,NOMBRE,APELLIDO) values ('1','16','2222-5','Armando','Casas');
Insert into PRUEBA_BD.ESTUDIANTE (CURSO_ID_CURSO,ID_ESTUDIANTE,RUT,NOMBRE,APELLIDO) values ('1','17','33333-1','Rafael','Cabada');
Insert into PRUEBA_BD.ESTUDIANTE (CURSO_ID_CURSO,ID_ESTUDIANTE,RUT,NOMBRE,APELLIDO) values ('1','18','33333-4','Edo','Caroe');
Insert into PRUEBA_BD.ESTUDIANTE (CURSO_ID_CURSO,ID_ESTUDIANTE,RUT,NOMBRE,APELLIDO) values ('3','19','44444-1','Nestor','Aburrido');


--INSERT TEST
Insert into PRUEBA_BD.TEST (ID_TEST,NOMBRE,DESCRIPCION,PROGRAMA,UNIDAD,AUTOR,FECHA_CREACION) values ('1','Primera Evaluacion','Prueba de POO','Programación FullStack Java Trainee','1','Brian',to_date('27/02/20','DD/MM/RR'));
Insert into PRUEBA_BD.TEST (ID_TEST,NOMBRE,DESCRIPCION,PROGRAMA,UNIDAD,AUTOR,FECHA_CREACION) values ('2','Segunda Evaluacion','Prueba BD','Programacion FullStack Java Trainee','2','Brian',to_date('12/03/20','DD/MM/RR'));
Insert into PRUEBA_BD.TEST (ID_TEST,NOMBRE,DESCRIPCION,PROGRAMA,UNIDAD,AUTOR,FECHA_CREACION) values ('3','Primera Evaluacion Android','Prueba Programacion Basica','Programacion Android','1','Juan',to_date('23/02/20','DD/MM/RR'));
Insert into PRUEBA_BD.TEST (ID_TEST,NOMBRE,DESCRIPCION,PROGRAMA,UNIDAD,AUTOR,FECHA_CREACION) values ('4','test','test','test','4','Perico los palotes',to_date('15/03/20','DD/MM/RR'));


--INSER REGUNTA
Insert into PRUEBA_BD.PREGUNTA (TEST_ID_TEST,ID_PREGUNTA,ENUNCIADO,PUNTAJE) values ('1','1','¿Que es una clase?','5');
Insert into PRUEBA_BD.PREGUNTA (TEST_ID_TEST,ID_PREGUNTA,ENUNCIADO,PUNTAJE) values ('1','2','La herencia sirve para obtener las caractiristicas de una clase','2');
Insert into PRUEBA_BD.PREGUNTA (TEST_ID_TEST,ID_PREGUNTA,ENUNCIADO,PUNTAJE) values ('1','3','Las interfaces en java sirven para dar una mejor vista a sus programas','2');
Insert into PRUEBA_BD.PREGUNTA (TEST_ID_TEST,ID_PREGUNTA,ENUNCIADO,PUNTAJE) values ('1','4','¿Cual es la funcion de un constructor?','4');
Insert into PRUEBA_BD.PREGUNTA (TEST_ID_TEST,ID_PREGUNTA,ENUNCIADO,PUNTAJE) values ('1','5','¿Cuando ocupo la visibilidad private?','2');
Insert into PRUEBA_BD.PREGUNTA (TEST_ID_TEST,ID_PREGUNTA,ENUNCIADO,PUNTAJE) values ('1','6','¿Cuando ocupo la visibilidad public?','4');
Insert into PRUEBA_BD.PREGUNTA (TEST_ID_TEST,ID_PREGUNTA,ENUNCIADO,PUNTAJE) values ('1','7','¿Cuando ocupo la visibilidad protected?','4');
Insert into PRUEBA_BD.PREGUNTA (TEST_ID_TEST,ID_PREGUNTA,ENUNCIADO,PUNTAJE) values ('1','8','Cuando quiero asociar una clase a una interfaz, ¿Que palabra debo usar?','4');
Insert into PRUEBA_BD.PREGUNTA (TEST_ID_TEST,ID_PREGUNTA,ENUNCIADO,PUNTAJE) values ('1','9','¿Que es el polimorfismo?','4');
Insert into PRUEBA_BD.PREGUNTA (TEST_ID_TEST,ID_PREGUNTA,ENUNCIADO,PUNTAJE) values ('1','10','¿Cuál es la descripción que crees que define mejor el concepto "clase" en la programación orientada a objetos?
','6');
Insert into PRUEBA_BD.PREGUNTA (TEST_ID_TEST,ID_PREGUNTA,ENUNCIADO,PUNTAJE) values ('2','11','¿Para que sirve un int?','4');
Insert into PRUEBA_BD.PREGUNTA (TEST_ID_TEST,ID_PREGUNTA,ENUNCIADO,PUNTAJE) values ('2','12','¿Para que sirve un String?','10');
Insert into PRUEBA_BD.PREGUNTA (TEST_ID_TEST,ID_PREGUNTA,ENUNCIADO,PUNTAJE) values ('2','13','¿Para que sirve un float?','4');
Insert into PRUEBA_BD.PREGUNTA (TEST_ID_TEST,ID_PREGUNTA,ENUNCIADO,PUNTAJE) values ('2','14','¿Que es la herencia?','5');
Insert into PRUEBA_BD.PREGUNTA (TEST_ID_TEST,ID_PREGUNTA,ENUNCIADO,PUNTAJE) values ('2','15','¿Que es el encapsulamiento?','4');
Insert into PRUEBA_BD.PREGUNTA (TEST_ID_TEST,ID_PREGUNTA,ENUNCIADO,PUNTAJE) values ('2','16','¿no?','4');
Insert into PRUEBA_BD.PREGUNTA (TEST_ID_TEST,ID_PREGUNTA,ENUNCIADO,PUNTAJE) values ('2','17','¿se?','3');
Insert into PRUEBA_BD.PREGUNTA (TEST_ID_TEST,ID_PREGUNTA,ENUNCIADO,PUNTAJE) values ('2','18','¿me?','4');
Insert into PRUEBA_BD.PREGUNTA (TEST_ID_TEST,ID_PREGUNTA,ENUNCIADO,PUNTAJE) values ('2','19','¿ocurre?','4');
Insert into PRUEBA_BD.PREGUNTA (TEST_ID_TEST,ID_PREGUNTA,ENUNCIADO,PUNTAJE) values ('2','20','¿nada?','4');
Insert into PRUEBA_BD.PREGUNTA (TEST_ID_TEST,ID_PREGUNTA,ENUNCIADO,PUNTAJE) values ('2','21','¿mas?','4');
Insert into PRUEBA_BD.PREGUNTA (TEST_ID_TEST,ID_PREGUNTA,ENUNCIADO,PUNTAJE) values ('2','22','¿voy?','1');
Insert into PRUEBA_BD.PREGUNTA (TEST_ID_TEST,ID_PREGUNTA,ENUNCIADO,PUNTAJE) values ('2','23','¿a?','4');
Insert into PRUEBA_BD.PREGUNTA (TEST_ID_TEST,ID_PREGUNTA,ENUNCIADO,PUNTAJE) values ('3','24','¿terminar?','4');
Insert into PRUEBA_BD.PREGUNTA (TEST_ID_TEST,ID_PREGUNTA,ENUNCIADO,PUNTAJE) values ('3','25','¿el?','4');
Insert into PRUEBA_BD.PREGUNTA (TEST_ID_TEST,ID_PREGUNTA,ENUNCIADO,PUNTAJE) values ('3','26','¿dia?','1');
Insert into PRUEBA_BD.PREGUNTA (TEST_ID_TEST,ID_PREGUNTA,ENUNCIADO,PUNTAJE) values ('3','27','¿del?','2');
Insert into PRUEBA_BD.PREGUNTA (TEST_ID_TEST,ID_PREGUNTA,ENUNCIADO,PUNTAJE) values ('3','28','¿nispero?','2');

--INSERT ALTERNATIVA
Insert into PRUEBA_BD.ALTERNATIVA (PREGUNTA_ID_PREGUNTA,ID_ALTERNATIVA,DESCRIPCION,ALTERNATIVA_CORRECTA,PORCENTAJE_CORRECTO) values ('1','1','Es la forma como se representan los datos','1','50');
Insert into PRUEBA_BD.ALTERNATIVA (PREGUNTA_ID_PREGUNTA,ID_ALTERNATIVA,DESCRIPCION,ALTERNATIVA_CORRECTA,PORCENTAJE_CORRECTO) values ('1','2','Es una fabrica de objetos','1','50');
Insert into PRUEBA_BD.ALTERNATIVA (PREGUNTA_ID_PREGUNTA,ID_ALTERNATIVA,DESCRIPCION,ALTERNATIVA_CORRECTA,PORCENTAJE_CORRECTO) values ('1','3','Sirve para crear otras clases','0','0');
Insert into PRUEBA_BD.ALTERNATIVA (PREGUNTA_ID_PREGUNTA,ID_ALTERNATIVA,DESCRIPCION,ALTERNATIVA_CORRECTA,PORCENTAJE_CORRECTO) values ('1','4','Ninguna de las anteriores','0','0');
Insert into PRUEBA_BD.ALTERNATIVA (PREGUNTA_ID_PREGUNTA,ID_ALTERNATIVA,DESCRIPCION,ALTERNATIVA_CORRECTA,PORCENTAJE_CORRECTO) values ('2','5','Todas las anteriores','0','0');
Insert into PRUEBA_BD.ALTERNATIVA (PREGUNTA_ID_PREGUNTA,ID_ALTERNATIVA,DESCRIPCION,ALTERNATIVA_CORRECTA,PORCENTAJE_CORRECTO) values ('2','6','Verdadero','0','0');
Insert into PRUEBA_BD.ALTERNATIVA (PREGUNTA_ID_PREGUNTA,ID_ALTERNATIVA,DESCRIPCION,ALTERNATIVA_CORRECTA,PORCENTAJE_CORRECTO) values ('2','7','Falso','1','100');
Insert into PRUEBA_BD.ALTERNATIVA (PREGUNTA_ID_PREGUNTA,ID_ALTERNATIVA,DESCRIPCION,ALTERNATIVA_CORRECTA,PORCENTAJE_CORRECTO) values ('2','8','null','0','0');
Insert into PRUEBA_BD.ALTERNATIVA (PREGUNTA_ID_PREGUNTA,ID_ALTERNATIVA,DESCRIPCION,ALTERNATIVA_CORRECTA,PORCENTAJE_CORRECTO) values ('3','9','Inicializar','1','50');
Insert into PRUEBA_BD.ALTERNATIVA (PREGUNTA_ID_PREGUNTA,ID_ALTERNATIVA,DESCRIPCION,ALTERNATIVA_CORRECTA,PORCENTAJE_CORRECTO) values ('3','10','Construir la clase','1','50');
Insert into PRUEBA_BD.ALTERNATIVA (PREGUNTA_ID_PREGUNTA,ID_ALTERNATIVA,DESCRIPCION,ALTERNATIVA_CORRECTA,PORCENTAJE_CORRECTO) values ('3','11','Contruir un objeto','0','0');
Insert into PRUEBA_BD.ALTERNATIVA (PREGUNTA_ID_PREGUNTA,ID_ALTERNATIVA,DESCRIPCION,ALTERNATIVA_CORRECTA,PORCENTAJE_CORRECTO) values ('3','12','Para inicializar la clase','0','0');
Insert into PRUEBA_BD.ALTERNATIVA (PREGUNTA_ID_PREGUNTA,ID_ALTERNATIVA,DESCRIPCION,ALTERNATIVA_CORRECTA,PORCENTAJE_CORRECTO) values ('4','13','Para asignar valores a los datos del objetos','0','0');
Insert into PRUEBA_BD.ALTERNATIVA (PREGUNTA_ID_PREGUNTA,ID_ALTERNATIVA,DESCRIPCION,ALTERNATIVA_CORRECTA,PORCENTAJE_CORRECTO) values ('4','14','>','1','50');
Insert into PRUEBA_BD.ALTERNATIVA (PREGUNTA_ID_PREGUNTA,ID_ALTERNATIVA,DESCRIPCION,ALTERNATIVA_CORRECTA,PORCENTAJE_CORRECTO) values ('4','15','<','1','50');
Insert into PRUEBA_BD.ALTERNATIVA (PREGUNTA_ID_PREGUNTA,ID_ALTERNATIVA,DESCRIPCION,ALTERNATIVA_CORRECTA,PORCENTAJE_CORRECTO) values ('4','16','=>','0','0');
Insert into PRUEBA_BD.ALTERNATIVA (PREGUNTA_ID_PREGUNTA,ID_ALTERNATIVA,DESCRIPCION,ALTERNATIVA_CORRECTA,PORCENTAJE_CORRECTO) values ('5','17','=<','0','0');
Insert into PRUEBA_BD.ALTERNATIVA (PREGUNTA_ID_PREGUNTA,ID_ALTERNATIVA,DESCRIPCION,ALTERNATIVA_CORRECTA,PORCENTAJE_CORRECTO) values ('5','18','Mayor que','0','0');
Insert into PRUEBA_BD.ALTERNATIVA (PREGUNTA_ID_PREGUNTA,ID_ALTERNATIVA,DESCRIPCION,ALTERNATIVA_CORRECTA,PORCENTAJE_CORRECTO) values ('5','19','Menor que','1','100');
Insert into PRUEBA_BD.ALTERNATIVA (PREGUNTA_ID_PREGUNTA,ID_ALTERNATIVA,DESCRIPCION,ALTERNATIVA_CORRECTA,PORCENTAJE_CORRECTO) values ('5','20','Mayor o igual','0','0');
Insert into PRUEBA_BD.ALTERNATIVA (PREGUNTA_ID_PREGUNTA,ID_ALTERNATIVA,DESCRIPCION,ALTERNATIVA_CORRECTA,PORCENTAJE_CORRECTO) values ('6','21','Menos o igual','0','0');
Insert into PRUEBA_BD.ALTERNATIVA (PREGUNTA_ID_PREGUNTA,ID_ALTERNATIVA,DESCRIPCION,ALTERNATIVA_CORRECTA,PORCENTAJE_CORRECTO) values ('6','22','Declarar variable','0','0');
Insert into PRUEBA_BD.ALTERNATIVA (PREGUNTA_ID_PREGUNTA,ID_ALTERNATIVA,DESCRIPCION,ALTERNATIVA_CORRECTA,PORCENTAJE_CORRECTO) values ('6','23','Algoritmo','0','0');
Insert into PRUEBA_BD.ALTERNATIVA (PREGUNTA_ID_PREGUNTA,ID_ALTERNATIVA,DESCRIPCION,ALTERNATIVA_CORRECTA,PORCENTAJE_CORRECTO) values ('6','24','Agregación','1','100');
Insert into PRUEBA_BD.ALTERNATIVA (PREGUNTA_ID_PREGUNTA,ID_ALTERNATIVA,DESCRIPCION,ALTERNATIVA_CORRECTA,PORCENTAJE_CORRECTO) values ('7','25','Array','0','0');
Insert into PRUEBA_BD.ALTERNATIVA (PREGUNTA_ID_PREGUNTA,ID_ALTERNATIVA,DESCRIPCION,ALTERNATIVA_CORRECTA,PORCENTAJE_CORRECTO) values ('7','26','ArrayList','1','33');
Insert into PRUEBA_BD.ALTERNATIVA (PREGUNTA_ID_PREGUNTA,ID_ALTERNATIVA,DESCRIPCION,ALTERNATIVA_CORRECTA,PORCENTAJE_CORRECTO) values ('7','27','Boolean','1','33');
Insert into PRUEBA_BD.ALTERNATIVA (PREGUNTA_ID_PREGUNTA,ID_ALTERNATIVA,DESCRIPCION,ALTERNATIVA_CORRECTA,PORCENTAJE_CORRECTO) values ('7','28','Double','1','33');
Insert into PRUEBA_BD.ALTERNATIVA (PREGUNTA_ID_PREGUNTA,ID_ALTERNATIVA,DESCRIPCION,ALTERNATIVA_CORRECTA,PORCENTAJE_CORRECTO) values ('8','29','String','1','100');
Insert into PRUEBA_BD.ALTERNATIVA (PREGUNTA_ID_PREGUNTA,ID_ALTERNATIVA,DESCRIPCION,ALTERNATIVA_CORRECTA,PORCENTAJE_CORRECTO) values ('8','30','int','0','0');
Insert into PRUEBA_BD.ALTERNATIVA (PREGUNTA_ID_PREGUNTA,ID_ALTERNATIVA,DESCRIPCION,ALTERNATIVA_CORRECTA,PORCENTAJE_CORRECTO) values ('8','31','float','0','0');
Insert into PRUEBA_BD.ALTERNATIVA (PREGUNTA_ID_PREGUNTA,ID_ALTERNATIVA,DESCRIPCION,ALTERNATIVA_CORRECTA,PORCENTAJE_CORRECTO) values ('8','32','toUpper','0','0');
Insert into PRUEBA_BD.ALTERNATIVA (PREGUNTA_ID_PREGUNTA,ID_ALTERNATIVA,DESCRIPCION,ALTERNATIVA_CORRECTA,PORCENTAJE_CORRECTO) values ('9','33','A','1','100');
Insert into PRUEBA_BD.ALTERNATIVA (PREGUNTA_ID_PREGUNTA,ID_ALTERNATIVA,DESCRIPCION,ALTERNATIVA_CORRECTA,PORCENTAJE_CORRECTO) values ('9','34','S','0','0');
Insert into PRUEBA_BD.ALTERNATIVA (PREGUNTA_ID_PREGUNTA,ID_ALTERNATIVA,DESCRIPCION,ALTERNATIVA_CORRECTA,PORCENTAJE_CORRECTO) values ('9','35','D','0','0');
Insert into PRUEBA_BD.ALTERNATIVA (PREGUNTA_ID_PREGUNTA,ID_ALTERNATIVA,DESCRIPCION,ALTERNATIVA_CORRECTA,PORCENTAJE_CORRECTO) values ('9','36','F','0','0');
Insert into PRUEBA_BD.ALTERNATIVA (PREGUNTA_ID_PREGUNTA,ID_ALTERNATIVA,DESCRIPCION,ALTERNATIVA_CORRECTA,PORCENTAJE_CORRECTO) values ('10','37','G','0','0');
Insert into PRUEBA_BD.ALTERNATIVA (PREGUNTA_ID_PREGUNTA,ID_ALTERNATIVA,DESCRIPCION,ALTERNATIVA_CORRECTA,PORCENTAJE_CORRECTO) values ('10','38','H','0','0');
Insert into PRUEBA_BD.ALTERNATIVA (PREGUNTA_ID_PREGUNTA,ID_ALTERNATIVA,DESCRIPCION,ALTERNATIVA_CORRECTA,PORCENTAJE_CORRECTO) values ('10','39','J','1','100');
Insert into PRUEBA_BD.ALTERNATIVA (PREGUNTA_ID_PREGUNTA,ID_ALTERNATIVA,DESCRIPCION,ALTERNATIVA_CORRECTA,PORCENTAJE_CORRECTO) values ('10','40','K','0','0');
Insert into PRUEBA_BD.ALTERNATIVA (PREGUNTA_ID_PREGUNTA,ID_ALTERNATIVA,DESCRIPCION,ALTERNATIVA_CORRECTA,PORCENTAJE_CORRECTO) values ('11','41','Q','0','0');
Insert into PRUEBA_BD.ALTERNATIVA (PREGUNTA_ID_PREGUNTA,ID_ALTERNATIVA,DESCRIPCION,ALTERNATIVA_CORRECTA,PORCENTAJE_CORRECTO) values ('11','42','W','0','0');
Insert into PRUEBA_BD.ALTERNATIVA (PREGUNTA_ID_PREGUNTA,ID_ALTERNATIVA,DESCRIPCION,ALTERNATIVA_CORRECTA,PORCENTAJE_CORRECTO) values ('11','43','E','1','100');
Insert into PRUEBA_BD.ALTERNATIVA (PREGUNTA_ID_PREGUNTA,ID_ALTERNATIVA,DESCRIPCION,ALTERNATIVA_CORRECTA,PORCENTAJE_CORRECTO) values ('11','44','R','0','0');
Insert into PRUEBA_BD.ALTERNATIVA (PREGUNTA_ID_PREGUNTA,ID_ALTERNATIVA,DESCRIPCION,ALTERNATIVA_CORRECTA,PORCENTAJE_CORRECTO) values ('12','45','C','1','100');
Insert into PRUEBA_BD.ALTERNATIVA (PREGUNTA_ID_PREGUNTA,ID_ALTERNATIVA,DESCRIPCION,ALTERNATIVA_CORRECTA,PORCENTAJE_CORRECTO) values ('12','46','V','0','0');
Insert into PRUEBA_BD.ALTERNATIVA (PREGUNTA_ID_PREGUNTA,ID_ALTERNATIVA,DESCRIPCION,ALTERNATIVA_CORRECTA,PORCENTAJE_CORRECTO) values ('13','47','Z','0','0');
Insert into PRUEBA_BD.ALTERNATIVA (PREGUNTA_ID_PREGUNTA,ID_ALTERNATIVA,DESCRIPCION,ALTERNATIVA_CORRECTA,PORCENTAJE_CORRECTO) values ('13','48','X','0','0');

--INSERT EVALUACIONES
Insert into PRUEBA_BD.EVALUACION (ESTUDIANTE_ID_ESTUDIANTE,TEST_ID_TEST,ID_EVALUACION) values ('1','1','1');
Insert into PRUEBA_BD.EVALUACION (ESTUDIANTE_ID_ESTUDIANTE,TEST_ID_TEST,ID_EVALUACION) values ('2','1','2');
Insert into PRUEBA_BD.EVALUACION (ESTUDIANTE_ID_ESTUDIANTE,TEST_ID_TEST,ID_EVALUACION) values ('3','1','3');
Insert into PRUEBA_BD.EVALUACION (ESTUDIANTE_ID_ESTUDIANTE,TEST_ID_TEST,ID_EVALUACION) values ('4','1','4');
Insert into PRUEBA_BD.EVALUACION (ESTUDIANTE_ID_ESTUDIANTE,TEST_ID_TEST,ID_EVALUACION) values ('5','2','5');
Insert into PRUEBA_BD.EVALUACION (ESTUDIANTE_ID_ESTUDIANTE,TEST_ID_TEST,ID_EVALUACION) values ('6','2','6');

--INSERT RESPUESTA
Insert into PRUEBA_BD.RESPUESTA (EVALUACION_ID_EVALUACION,ALTERNATIVA_ID_ALTERNATIVA) values ('1','1');
Insert into PRUEBA_BD.RESPUESTA (EVALUACION_ID_EVALUACION,ALTERNATIVA_ID_ALTERNATIVA) values ('1','2');
Insert into PRUEBA_BD.RESPUESTA (EVALUACION_ID_EVALUACION,ALTERNATIVA_ID_ALTERNATIVA) values ('1','7');
Insert into PRUEBA_BD.RESPUESTA (EVALUACION_ID_EVALUACION,ALTERNATIVA_ID_ALTERNATIVA) values ('1','9');
Insert into PRUEBA_BD.RESPUESTA (EVALUACION_ID_EVALUACION,ALTERNATIVA_ID_ALTERNATIVA) values ('1','10');
Insert into PRUEBA_BD.RESPUESTA (EVALUACION_ID_EVALUACION,ALTERNATIVA_ID_ALTERNATIVA) values ('1','14');
Insert into PRUEBA_BD.RESPUESTA (EVALUACION_ID_EVALUACION,ALTERNATIVA_ID_ALTERNATIVA) values ('1','15');
Insert into PRUEBA_BD.RESPUESTA (EVALUACION_ID_EVALUACION,ALTERNATIVA_ID_ALTERNATIVA) values ('1','19');
Insert into PRUEBA_BD.RESPUESTA (EVALUACION_ID_EVALUACION,ALTERNATIVA_ID_ALTERNATIVA) values ('1','24');
Insert into PRUEBA_BD.RESPUESTA (EVALUACION_ID_EVALUACION,ALTERNATIVA_ID_ALTERNATIVA) values ('1','26');
Insert into PRUEBA_BD.RESPUESTA (EVALUACION_ID_EVALUACION,ALTERNATIVA_ID_ALTERNATIVA) values ('1','27');
Insert into PRUEBA_BD.RESPUESTA (EVALUACION_ID_EVALUACION,ALTERNATIVA_ID_ALTERNATIVA) values ('1','28');
Insert into PRUEBA_BD.RESPUESTA (EVALUACION_ID_EVALUACION,ALTERNATIVA_ID_ALTERNATIVA) values ('1','29');
Insert into PRUEBA_BD.RESPUESTA (EVALUACION_ID_EVALUACION,ALTERNATIVA_ID_ALTERNATIVA) values ('1','33');
Insert into PRUEBA_BD.RESPUESTA (EVALUACION_ID_EVALUACION,ALTERNATIVA_ID_ALTERNATIVA) values ('1','39');
Insert into PRUEBA_BD.RESPUESTA (EVALUACION_ID_EVALUACION,ALTERNATIVA_ID_ALTERNATIVA) values ('2','3');
Insert into PRUEBA_BD.RESPUESTA (EVALUACION_ID_EVALUACION,ALTERNATIVA_ID_ALTERNATIVA) values ('2','7');
Insert into PRUEBA_BD.RESPUESTA (EVALUACION_ID_EVALUACION,ALTERNATIVA_ID_ALTERNATIVA) values ('2','9');
Insert into PRUEBA_BD.RESPUESTA (EVALUACION_ID_EVALUACION,ALTERNATIVA_ID_ALTERNATIVA) values ('2','10');
Insert into PRUEBA_BD.RESPUESTA (EVALUACION_ID_EVALUACION,ALTERNATIVA_ID_ALTERNATIVA) values ('2','14');
Insert into PRUEBA_BD.RESPUESTA (EVALUACION_ID_EVALUACION,ALTERNATIVA_ID_ALTERNATIVA) values ('2','15');
Insert into PRUEBA_BD.RESPUESTA (EVALUACION_ID_EVALUACION,ALTERNATIVA_ID_ALTERNATIVA) values ('2','18');
Insert into PRUEBA_BD.RESPUESTA (EVALUACION_ID_EVALUACION,ALTERNATIVA_ID_ALTERNATIVA) values ('2','24');
Insert into PRUEBA_BD.RESPUESTA (EVALUACION_ID_EVALUACION,ALTERNATIVA_ID_ALTERNATIVA) values ('2','26');
Insert into PRUEBA_BD.RESPUESTA (EVALUACION_ID_EVALUACION,ALTERNATIVA_ID_ALTERNATIVA) values ('2','27');
Insert into PRUEBA_BD.RESPUESTA (EVALUACION_ID_EVALUACION,ALTERNATIVA_ID_ALTERNATIVA) values ('2','30');
Insert into PRUEBA_BD.RESPUESTA (EVALUACION_ID_EVALUACION,ALTERNATIVA_ID_ALTERNATIVA) values ('2','33');
Insert into PRUEBA_BD.RESPUESTA (EVALUACION_ID_EVALUACION,ALTERNATIVA_ID_ALTERNATIVA) values ('2','39');
Insert into PRUEBA_BD.RESPUESTA (EVALUACION_ID_EVALUACION,ALTERNATIVA_ID_ALTERNATIVA) values ('3','1');
Insert into PRUEBA_BD.RESPUESTA (EVALUACION_ID_EVALUACION,ALTERNATIVA_ID_ALTERNATIVA) values ('3','2');
Insert into PRUEBA_BD.RESPUESTA (EVALUACION_ID_EVALUACION,ALTERNATIVA_ID_ALTERNATIVA) values ('3','7');
Insert into PRUEBA_BD.RESPUESTA (EVALUACION_ID_EVALUACION,ALTERNATIVA_ID_ALTERNATIVA) values ('3','9');
Insert into PRUEBA_BD.RESPUESTA (EVALUACION_ID_EVALUACION,ALTERNATIVA_ID_ALTERNATIVA) values ('3','10');
Insert into PRUEBA_BD.RESPUESTA (EVALUACION_ID_EVALUACION,ALTERNATIVA_ID_ALTERNATIVA) values ('3','14');
Insert into PRUEBA_BD.RESPUESTA (EVALUACION_ID_EVALUACION,ALTERNATIVA_ID_ALTERNATIVA) values ('3','15');
Insert into PRUEBA_BD.RESPUESTA (EVALUACION_ID_EVALUACION,ALTERNATIVA_ID_ALTERNATIVA) values ('3','19');
Insert into PRUEBA_BD.RESPUESTA (EVALUACION_ID_EVALUACION,ALTERNATIVA_ID_ALTERNATIVA) values ('3','24');
Insert into PRUEBA_BD.RESPUESTA (EVALUACION_ID_EVALUACION,ALTERNATIVA_ID_ALTERNATIVA) values ('3','26');
Insert into PRUEBA_BD.RESPUESTA (EVALUACION_ID_EVALUACION,ALTERNATIVA_ID_ALTERNATIVA) values ('3','27');
Insert into PRUEBA_BD.RESPUESTA (EVALUACION_ID_EVALUACION,ALTERNATIVA_ID_ALTERNATIVA) values ('3','28');
Insert into PRUEBA_BD.RESPUESTA (EVALUACION_ID_EVALUACION,ALTERNATIVA_ID_ALTERNATIVA) values ('3','29');
Insert into PRUEBA_BD.RESPUESTA (EVALUACION_ID_EVALUACION,ALTERNATIVA_ID_ALTERNATIVA) values ('3','33');
Insert into PRUEBA_BD.RESPUESTA (EVALUACION_ID_EVALUACION,ALTERNATIVA_ID_ALTERNATIVA) values ('4','4');
Insert into PRUEBA_BD.RESPUESTA (EVALUACION_ID_EVALUACION,ALTERNATIVA_ID_ALTERNATIVA) values ('4','9');
Insert into PRUEBA_BD.RESPUESTA (EVALUACION_ID_EVALUACION,ALTERNATIVA_ID_ALTERNATIVA) values ('4','10');
Insert into PRUEBA_BD.RESPUESTA (EVALUACION_ID_EVALUACION,ALTERNATIVA_ID_ALTERNATIVA) values ('4','15');
Insert into PRUEBA_BD.RESPUESTA (EVALUACION_ID_EVALUACION,ALTERNATIVA_ID_ALTERNATIVA) values ('4','19');
Insert into PRUEBA_BD.RESPUESTA (EVALUACION_ID_EVALUACION,ALTERNATIVA_ID_ALTERNATIVA) values ('4','20');
Insert into PRUEBA_BD.RESPUESTA (EVALUACION_ID_EVALUACION,ALTERNATIVA_ID_ALTERNATIVA) values ('4','27');
Insert into PRUEBA_BD.RESPUESTA (EVALUACION_ID_EVALUACION,ALTERNATIVA_ID_ALTERNATIVA) values ('4','28');
Insert into PRUEBA_BD.RESPUESTA (EVALUACION_ID_EVALUACION,ALTERNATIVA_ID_ALTERNATIVA) values ('4','29');
Insert into PRUEBA_BD.RESPUESTA (EVALUACION_ID_EVALUACION,ALTERNATIVA_ID_ALTERNATIVA) values ('4','33');
Insert into PRUEBA_BD.RESPUESTA (EVALUACION_ID_EVALUACION,ALTERNATIVA_ID_ALTERNATIVA) values ('4','24');
Insert into PRUEBA_BD.RESPUESTA (EVALUACION_ID_EVALUACION,ALTERNATIVA_ID_ALTERNATIVA) values ('5','43');
Insert into PRUEBA_BD.RESPUESTA (EVALUACION_ID_EVALUACION,ALTERNATIVA_ID_ALTERNATIVA) values ('5','45');

--
